{"Q": 0.0013168140949549347, "H": 33.76472375127421, "Ph": 436.17088729126726, "eta": 0.1397983613113036}